<?xml version="1.0" encoding="UTF-8" standalone="yes"?>
<Content>
    <Views>
        <ViewDef id="26342b36-b5b6-4709-93c3-c7b49a94cffb">
            <Title>___Menu_Weblogic_DASHBOARD</Title>
            <Description/>
            <Usage>dashboard</Usage>
            <Usage>report</Usage>
            <Usage>content</Usage>
            <Presentation type="image">
                <DataBinding>
                    <Source>iVBORw0KGgoAAAANSUhEUgAAARwAAAKyCAYAAAAHCmHjAAAKQ2lDQ1BJQ0MgcHJvZmlsZQAAeNqd&#13;
U3dYk/cWPt/3ZQ9WQtjwsZdsgQAiI6wIyBBZohCSAGGEEBJAxYWIClYUFRGcSFXEgtUKSJ2I4qAo&#13;
uGdBiohai1VcOO4f3Ke1fXrv7e371/u855zn/M55zw+AERImkeaiagA5UoU8Otgfj09IxMm9gAIV&#13;
SOAEIBDmy8JnBcUAAPADeXh+dLA//AGvbwACAHDVLiQSx+H/g7pQJlcAIJEA4CIS5wsBkFIAyC5U&#13;
yBQAyBgAsFOzZAoAlAAAbHl8QiIAqg0A7PRJPgUA2KmT3BcA2KIcqQgAjQEAmShHJAJAuwBgVYFS&#13;
LALAwgCgrEAiLgTArgGAWbYyRwKAvQUAdo5YkA9AYACAmUIszAAgOAIAQx4TzQMgTAOgMNK/4Klf&#13;
cIW4SAEAwMuVzZdL0jMUuJXQGnfy8ODiIeLCbLFCYRcpEGYJ5CKcl5sjE0jnA0zODAAAGvnRwf44&#13;
P5Dn5uTh5mbnbO/0xaL+a/BvIj4h8d/+vIwCBAAQTs/v2l/l5dYDcMcBsHW/a6lbANpWAGjf+V0z&#13;
2wmgWgrQevmLeTj8QB6eoVDIPB0cCgsL7SViob0w44s+/zPhb+CLfvb8QB7+23rwAHGaQJmtwKOD&#13;
/XFhbnauUo7nywRCMW735yP+x4V//Y4p0eI0sVwsFYrxWIm4UCJNx3m5UpFEIcmV4hLpfzLxH5b9&#13;
CZN3DQCshk/ATrYHtctswH7uAQKLDljSdgBAfvMtjBoLkQAQZzQyefcAAJO/+Y9AKwEAzZek4wAA&#13;
vOgYXKiUF0zGCAAARKCBKrBBBwzBFKzADpzBHbzAFwJhBkRADCTAPBBCBuSAHAqhGJZBGVTAOtgE&#13;
tbADGqARmuEQtMExOA3n4BJcgetwFwZgGJ7CGLyGCQRByAgTYSE6iBFijtgizggXmY4EImFINJKA&#13;
pCDpiBRRIsXIcqQCqUJqkV1II/ItchQ5jVxA+pDbyCAyivyKvEcxlIGyUQPUAnVAuagfGorGoHPR&#13;
dDQPXYCWomvRGrQePYC2oqfRS+h1dAB9io5jgNExDmaM2WFcjIdFYIlYGibHFmPlWDVWjzVjHVg3&#13;
dhUbwJ5h7wgkAouAE+wIXoQQwmyCkJBHWExYQ6gl7CO0EroIVwmDhDHCJyKTqE+0JXoS+cR4Yjqx&#13;
kFhGrCbuIR4hniVeJw4TX5NIJA7JkuROCiElkDJJC0lrSNtILaRTpD7SEGmcTCbrkG3J3uQIsoCs&#13;
IJeRt5APkE+S+8nD5LcUOsWI4kwJoiRSpJQSSjVlP+UEpZ8yQpmgqlHNqZ7UCKqIOp9aSW2gdlAv&#13;
U4epEzR1miXNmxZDy6Qto9XQmmlnafdoL+l0ugndgx5Fl9CX0mvoB+nn6YP0dwwNhg2Dx0hiKBlr&#13;
GXsZpxi3GS+ZTKYF05eZyFQw1zIbmWeYD5hvVVgq9ip8FZHKEpU6lVaVfpXnqlRVc1U/1XmqC1Sr&#13;
VQ+rXlZ9pkZVs1DjqQnUFqvVqR1Vu6k2rs5Sd1KPUM9RX6O+X/2C+mMNsoaFRqCGSKNUY7fGGY0h&#13;
FsYyZfFYQtZyVgPrLGuYTWJbsvnsTHYF+xt2L3tMU0NzqmasZpFmneZxzQEOxrHg8DnZnErOIc4N&#13;
znstAy0/LbHWaq1mrX6tN9p62r7aYu1y7Rbt69rvdXCdQJ0snfU6bTr3dQm6NrpRuoW623XP6j7T&#13;
Y+t56Qn1yvUO6d3RR/Vt9KP1F+rv1u/RHzcwNAg2kBlsMThj8MyQY+hrmGm40fCE4agRy2i6kcRo&#13;
o9FJoye4Ju6HZ+M1eBc+ZqxvHGKsNN5l3Gs8YWJpMtukxKTF5L4pzZRrmma60bTTdMzMyCzcrNis&#13;
yeyOOdWca55hvtm82/yNhaVFnMVKizaLx5balnzLBZZNlvesmFY+VnlW9VbXrEnWXOss623WV2xQ&#13;
G1ebDJs6m8u2qK2brcR2m23fFOIUjynSKfVTbtox7PzsCuya7AbtOfZh9iX2bfbPHcwcEh3WO3Q7&#13;
fHJ0dcx2bHC866ThNMOpxKnD6VdnG2ehc53zNRemS5DLEpd2lxdTbaeKp26fesuV5RruutK10/Wj&#13;
m7ub3K3ZbdTdzD3Ffav7TS6bG8ldwz3vQfTw91jicczjnaebp8LzkOcvXnZeWV77vR5Ps5wmntYw&#13;
bcjbxFvgvct7YDo+PWX6zukDPsY+Ap96n4e+pr4i3z2+I37Wfpl+B/ye+zv6y/2P+L/hefIW8U4F&#13;
YAHBAeUBvYEagbMDawMfBJkEpQc1BY0FuwYvDD4VQgwJDVkfcpNvwBfyG/ljM9xnLJrRFcoInRVa&#13;
G/owzCZMHtYRjobPCN8Qfm+m+UzpzLYIiOBHbIi4H2kZmRf5fRQpKjKqLupRtFN0cXT3LNas5Fn7&#13;
Z72O8Y+pjLk722q2cnZnrGpsUmxj7Ju4gLiquIF4h/hF8ZcSdBMkCe2J5MTYxD2J43MC52yaM5zk&#13;
mlSWdGOu5dyiuRfm6c7Lnnc8WTVZkHw4hZgSl7I/5YMgQlAvGE/lp25NHRPyhJuFT0W+oo2iUbG3&#13;
uEo8kuadVpX2ON07fUP6aIZPRnXGMwlPUit5kRmSuSPzTVZE1t6sz9lx2S05lJyUnKNSDWmWtCvX&#13;
MLcot09mKyuTDeR55m3KG5OHyvfkI/lz89sVbIVM0aO0Uq5QDhZML6greFsYW3i4SL1IWtQz32b+&#13;
6vkjC4IWfL2QsFC4sLPYuHhZ8eAiv0W7FiOLUxd3LjFdUrpkeGnw0n3LaMuylv1Q4lhSVfJqedzy&#13;
jlKD0qWlQyuCVzSVqZTJy26u9Fq5YxVhlWRV72qX1VtWfyoXlV+scKyorviwRrjm4ldOX9V89Xlt&#13;
2treSrfK7etI66Trbqz3Wb+vSr1qQdXQhvANrRvxjeUbX21K3nShemr1js20zcrNAzVhNe1bzLas&#13;
2/KhNqP2ep1/XctW/a2rt77ZJtrWv913e/MOgx0VO97vlOy8tSt4V2u9RX31btLugt2PGmIbur/m&#13;
ft24R3dPxZ6Pe6V7B/ZF7+tqdG9s3K+/v7IJbVI2jR5IOnDlm4Bv2pvtmne1cFoqDsJB5cEn36Z8&#13;
e+NQ6KHOw9zDzd+Zf7f1COtIeSvSOr91rC2jbaA9ob3v6IyjnR1eHUe+t/9+7zHjY3XHNY9XnqCd&#13;
KD3x+eSCk+OnZKeenU4/PdSZ3Hn3TPyZa11RXb1nQ8+ePxd07ky3X/fJ897nj13wvHD0Ivdi2yW3&#13;
S609rj1HfnD94UivW2/rZffL7Vc8rnT0Tes70e/Tf/pqwNVz1/jXLl2feb3vxuwbt24m3Ry4Jbr1&#13;
+Hb27Rd3Cu5M3F16j3iv/L7a/eoH+g/qf7T+sWXAbeD4YMBgz8NZD+8OCYee/pT/04fh0kfMR9Uj&#13;
RiONj50fHxsNGr3yZM6T4aeypxPPyn5W/3nrc6vn3/3i+0vPWPzY8Av5i8+/rnmp83Lvq6mvOscj&#13;
xx+8znk98ab8rc7bfe+477rfx70fmSj8QP5Q89H6Y8en0E/3Pud8/vwv94Tz+4A5JREAAAAZdEVY&#13;
dFNvZnR3YXJlAEFkb2JlIEltYWdlUmVhZHlxyWU8AAADZmlUWHRYTUw6Y29tLmFkb2JlLnhtcAAA&#13;
AAAAPD94cGFja2V0IGJlZ2luPSLvu78iIGlkPSJXNU0wTXBDZWhpSHpyZVN6TlRjemtjOWQiPz4g&#13;
PHg6eG1wbWV0YSB4bWxuczp4PSJhZG9iZTpuczptZXRhLyIgeDp4bXB0az0iQWRvYmUgWE1QIENv&#13;
cmUgNS4zLWMwMTEgNjYuMTQ1NjYxLCAyMDEyLzAyLzA2LTE0OjU2OjI3ICAgICAgICAiPiA8cmRm&#13;
OlJERiB4bWxuczpyZGY9Imh0dHA6Ly93d3cudzMub3JnLzE5OTkvMDIvMjItcmRmLXN5bnRheC1u&#13;
cyMiPiA8cmRmOkRlc2NyaXB0aW9uIHJkZjphYm91dD0iIiB4bWxuczp4bXBNTT0iaHR0cDovL25z&#13;
LmFkb2JlLmNvbS94YXAvMS4wL21tLyIgeG1sbnM6c3RSZWY9Imh0dHA6Ly9ucy5hZG9iZS5jb20v&#13;
eGFwLzEuMC9zVHlwZS9SZXNvdXJjZVJlZiMiIHhtbG5zOnhtcD0iaHR0cDovL25zLmFkb2JlLmNv&#13;
bS94YXAvMS4wLyIgeG1wTU06T3JpZ2luYWxEb2N1bWVudElEPSJ4bXAuZGlkOkExNURGQUJENUZB&#13;
REU3MTFCMzE4QjBFQkY5QzExM0QyIiB4bXBNTTpEb2N1bWVudElEPSJ4bXAuZGlkOjg5RkNDNjA0&#13;
QUQ2NDExRTdCNTA0RDA5NkJGOTMxNzgyIiB4bXBNTTpJbnN0YW5jZUlEPSJ4bXAuaWlkOjg5RkND&#13;
NjAzQUQ2NDExRTdCNTA0RDA5NkJGOTMxNzgyIiB4bXA6Q3JlYXRvclRvb2w9IkFkb2JlIFBob3Rv&#13;
c2hvcCBDUzYgKFdpbmRvd3MpIj4gPHhtcE1NOkRlcml2ZWRGcm9tIHN0UmVmOmluc3RhbmNlSUQ9&#13;
InhtcC5paWQ6QTE1REZBQkQ1RkFERTcxMUIzMThCMEVCRjlDMTEzRDIiIHN0UmVmOmRvY3VtZW50&#13;
SUQ9InhtcC5kaWQ6QTE1REZBQkQ1RkFERTcxMUIzMThCMEVCRjlDMTEzRDIiLz4gPC9yZGY6RGVz&#13;
Y3JpcHRpb24+IDwvcmRmOlJERj4gPC94OnhtcG1ldGE+IDw/eHBhY2tldCBlbmQ9InIiPz4ZA4va&#13;
AAAYG0lEQVR42uzdMWwUV+LH8VnkwlKgBhoKJxQURKKkgIpIQJUCaHJFoAhNQiSaE6CkCAJ0TaTA&#13;
NaQgKZIGKPJvIBJUUFAihQIhIJSQ+ojc4f/85vys5/F6vXtgB5PPR7KM17Ozs2O/7743S8hgbm6u&#13;
AVgLG5wCQHAAwQEQHEBwAAQHEBxAcAAEBxAcAMEBBAcQHADBAQQHQHAAwQEEB2AVTM21BoPBohsf&#13;
PnzYzMzMNP75UdaDZ8+eNTt27Oh+X/u/y7wdys9mMDs7qyrAqpmenl4IjiUVsGYEBxAcQHAABAcQ&#13;
HADBAQQHEBwAwQEEB0BwAMEBBAdAcADBARAcQHAAwQEQHEBwAAQHEBxAcAAEBxAcAMEBBAcQHADB&#13;
AQQHQHAAwQEQHEBwAMEBEBxAcAAEBxAcQHAABAcQHADBAQQHEBwAwQEEB0BwAMEBBAdAcADBARAc&#13;
QHAAwQEQHEBwAAQHEBwAwQEEBxAcAMEBBAdAcADBAQQHQHBWy9lTp5rPjx4devvh/fubyxcvLvne&#13;
p4cODb19mJ+vXOm2H+WXq1e7x/r98eNVfa7jHMtq+eP58+6c5XmWj39+8UVz+8YNv4TvqCmnYKmd&#13;
u3Y1v7UDMQNi89atC7c/bQf/exs3Ng/u31+0/W/t13++fNl82N6P8eR8nT19ujvHtQT28nxk9x08&#13;
6ESZ4bz7SjjqsJSofHzkSDdI6oHy+3yIdu/Zs+6e6yfHjjU/Xr++5o97786d7hyePHOmufbrr4s+&#13;
ZrZvb365ds0vohnO30N+4TOzefrkSbOvikpuS3Cy3Ll392735xKm99v71LJUKEuD7n6HDy95xc6A&#13;
K6/yiVwG/0xvPyvNEn5qZ2LlcRK9HFM5rvIY37fHkmDm+8e//PK/g/3Fi+Zfly51S6pb7f1LdPr7&#13;
zLHnuJaLabb/pl1q5vO/f/hh4TGzNMo5+erChZHPYfOWLUtuy3H1jTqfeewsCxOv/Gzy+HnsPMdy&#13;
TPXStz5Ho/abc5Pz9tGBA912OQd5DMxwVmVZVc9wbt+82d0W+WWuv5el1s5qOZVrPfV1iHKton9t&#13;
4tvz5xdmSvnFztcZPOP6pvc4uW8GSQbdwrG0Qftt/ljL90c9xjdDjv3bc+eWvZbURezEiYXnWJ7X&#13;
xk2bRg7ODOpENmEq1276xz7p+czXOc48v+w/29XHne/neyWe4+63zLYm+dkgOBN5/4MPFpZO5SO3&#13;
lRg9nf9FLkut8kucr/ORV9CyRMjsIYPrVhut/kyqbFOWarfGvGBaBlf2W/aRmUFepcugzTbZZ45t&#13;
4XHaV/Cny8Qjx93fZ6KRqPSPvf88MgvK42UQZx+ftRHK/UbJ7CexKrONHHe5iJ0Z5KTn82X7c8j3&#13;
sk2ec85F2U+3jGv/nPvl9nH3m/O3r53h5PsrzdawpHqtGU59HSeDp0y180tZpttlqVUuLpdX1Aye&#13;
Ya/W9atkBlt9LeXWfETGkeVCfFbtIwM/QcmrdPaTbXLc9UwjzyED7+WQV+vy2PU+M3DHuTaVgftg&#13;
fhDnuYx7Ab2c0096y6fL333XPe4k5zPb15FLKDIzzfEkHDm2cs4n2W+9RMUMZ1WUiOQ6Tj7qazTl&#13;
Gk9+aTPIdk7w7lT/XZklS5R2KTKOlWYPay0DtESwnlUsJ0uozIaGSayyv3HiO+p8JkAlNDmm+kXj&#13;
dX9OmOG8ceUVNgMpr5bDrvFkeVL/EpeLvnlVXe6VMb/8GVB5Za0vXua2YRdRlwti5IJwmernWHO9&#13;
IQMrx1GuZ2Tf5ZU9y54MwGEXp8tt9T7Lhe2Zdjk56ppMLjS//M9/uuddrsWMmhkkKtkmx9OPQC5q&#13;
l6iOcz6Xu7aSc5TH6Zaf7YvG7r17J/45IThruqy6NX+hsT9Acz2nDIx6yZFf8GybQZeP/oAu78Bk&#13;
MGW6X29T3gXrzwSGhTCDP/tLPHLRtZZBVJYruR6RAVe/E7PcO2Hl2Ifts15mDbuelI8yeBPoPK/s&#13;
a7mlVbbLgO6WT0P+wmSOvcwyxzmfo5ZsWZ7lZ3iyDeekPycsqdZMGSzllXLRoJ9/tXx/yOD9up0d&#13;
9F+1E4mvexcdMwDK0ij7/+r8+YmOL/urY5d99V+x8xjl2LvrOe3XGXwbl1mS9feZ5564LReOzIAy&#13;
u8n3y+NmNpVB+/38rG25JWEGdT+w5QJ0fX1r3PO53Cw175hlv/3Qvs5++d8MZmdn55yGd1NmKrlO&#13;
UkeovBOUgXZ8xKwF3pTp6elmbm6uGQwGllTv+gwtM5Rhywb/GQZmOLxxuXBc3sIvS5bMdtbjf4bB&#13;
+p/hCA6wZsFx0RhYM4IDCA4gOACCAwgOgOAAggMIDoDgAIIDIDiA4ACCAyA4gOAACA4gOIDgAAgO&#13;
IDgAggMIDiA4AIIDCA6A4ACCAwgOgOAAggMgOIDgAAgOIDiA4AAIDiA4AIIDCA4gOACCAwgOgOAA&#13;
ggMIDoDgAIIDIDiA4ACCAyA4gOAACA4gOIDgAAgOIDgAggMIDoDgAIIDCA6A4ACCAyA4gOAA77bB&#13;
XKu+IV8+evSo2bZtWzM1NdW8evXKWRqiPm2DwaD7nHNVbs9tGzZsaHqnd+kPoN2ubFPft/7MaM+e&#13;
PWt27NjRnT/n7O0dL/nZDFYaEACWVIDgAAgOIDiA4AAIDiA4AIIDCA4gOACCAwgOgOAAggMIDoDg&#13;
AO+SqfyLf/1/Je3hw4fNzMxM4x/nYj3wL/69/Rb+xb/Z2VlVAVbN9PT0QnAsqYA1IziA4ACCAyA4&#13;
gOAACA4gOIDgAAgOIDgAggMIDiA4AIIDCA6A4ACCAwgOgOAAggMgOIDgAIIDIDiA4AAIDiA4gOAA&#13;
CA4gOACCAwgOgOAAggMIDoDgAIIDIDiA4ACCAyA4gOAACA4gOIDgAAgOIDgAggMIDiA4AIIDCA6A&#13;
4ACCAwgOgOAAggMgOIDgAAgOIDiA4AAIDiA4AIIDCA4gOACCAwgOgOAAggMIDoDgAOvUlFPwZn16&#13;
6FDz4a5dzckzZ7qv//nFF83vjx8v2S7b7Dt4sNm9Z8+i+/758uWSbbPN8S+/bN7buHHR7dnvrZs3&#13;
m9s3biza9pNjx5rNW7eOdbxvYh9vm2/PnWs+PnKkmdm+vTufOa95PrkNM5y/pd/u3+8GRj3Ql3Pv&#13;
7t3mm1OnFt2W+yVm/ftn27OnTzd/PH++4n7fxD7eNjn2fGCG87eVV9p/Xbq06LZfrl5tfr5ypfmp&#13;
/di9d+/C7CWzizI7Ks62sUmgMhvJvvL58sWL3X3yql2/cidiGXDZd38//ZnN6+5jPcjzu/brr34J&#13;
BefvLQM80/2E596dO93yatSgyfImsSmzo/hHu0zo3y+BSKB+f/JkxRnWJPvIsSaOZTbUD1XilH0e&#13;
P3Gi+fb8+W52lGPOUqYsG8fZJhLC8jj5/seHDy86xv6xlH2UWJalbFmK9pdUuV+WkWWpm+XtZ+0x&#13;
lSXkuMeJ4Kwr+eVNcP548WLRkuDw/v1LZkgn2yVO8aAdDBnwy0XqqwsXVnzsSfeRJV19LSqDPgOz&#13;
xHNhdjQ/QCOfL3/33ZJBOmqbMpsruu+3AYpyrP1jyTYJTYnOSsvIsr86vllCZhZaXycb57ngGs66&#13;
McmF3TK44+WQC8uTmmQfGaQ5hswEsjzJRwZnjj/BrI9zZ7VNtk+Y6jiM2iYDPx8JWPn+j9evd9tk&#13;
RlLi0D+WzMgSioS7LAFzfMOWg79cu9Ztm++V+ydkCcqt6lrWOM8FM5x15emQX95h13DK9Z585FV8&#13;
YwbXaz72JPsoM7AsO+pZV5Y6mS3Ug/Af1SwjA7meray0TdlPnm8dsnpWVbapjyXnrMw8Rl0wzv0T&#13;
lv67g1k6PZgP2TjHiRnOXyLT+M+PHv2f7/9g/hd485YtK17v6V7B56f3O+dfbZd7hythyrJs1Kvx&#13;
JPvovx0/6lrTStuOs82y4XvNd80meezXOU4EZ9WWRBkEZdDmcwbxOEul8iqebUddMC7bZr/vbdrU&#13;
ff1Ru30GQ2YX/ZlA2W9mIOUi8zCT7KM8n++rax8JUVmejHqcSZT9ZBZXljL1R/2c6mPJzyDhLxeM&#13;
Ry0Z81xykb6eCeUcZB9v6nlgSbUqMkvIwMwvbH0hsv+Lm8HZvxBc9C90DrtoXC8dyqtvpvt5zLLU&#13;
6r86H6+WHMu9go+7jzxunlOWFP1jG+dC7bhynSSPM+x4yl8tKNsMO5Z6mZWLz+VdqkWhPXCge851&#13;
nEqIPloh/Jjh/KXyy59BWabeZZCO805GtskAGmfb8jeX87m+ptC/rez36wsXxnq1nmQf+bo+1jzX&#13;
1fjbu3mc/oyvHM9yx5JYlOeRjxLB+t2/+jkfr94CL+f3q/PnLaHWwGB2dnbOaQBWy/T0dDM3N9cM&#13;
BgMzHMCSChAcAMEBBAdAcADBAQQHQHAAwQEQHEBwAMEBEBxAcAAEBxAcQHAABAcQHADBAQQHEBwA&#13;
wQEEB0BwAMEBBAdAcADBARAcQHAABAcQHEBwAAQHEBwAwQEEBxAcAMEBBAdAcADBAQQHQHAAwQEQ&#13;
HEBwAMEBEBxAcAAEBxAcQHAABAcQHADBAQQHQHAAwQEEB0BwAMEBWGQw16pvyJePHj1qtm3b1kxN&#13;
TTWvXr1yloaoT9tgMOg+51yV23Pbhg0bmt7pXfoDaLcr29T3rT8z2rNnz5odO3Z05885e3vHS342&#13;
g5UGBIAlFSA4AIIDCA4gOACCAwgOgOAAggMIDoDgAIIDIDiA4ACCAyA4gOAACA4gOACCA6ylqfxf&#13;
G/r/0v3Dhw+bmZmZxj+wznrg/9rw9lv4vzbMzs6qCrBqpqenF4JjSQWsGcEBBAcQHADBAQQHQHAA&#13;
wQEEB0BwAMEBEBxAcADBARAcQHAABAcQHEBwAAQHEBwAwQEEBxAcAMEBBAdAcADBAQQHQHAAwQEQ&#13;
HEBwAAQHEBxAcAAEBxAcAMEBBAcQHADBAQQHQHAAwQEEB0BwAMEBEBxAcADBARAcQHAABAcQHEBw&#13;
AAQHEBwAwQEEB0BwAMEBBAdAcADBARAcQHAAwQEQHGB9mXIK/lqfHjrUfLhrV3PyzJnm23Pnmnt3&#13;
747cPtvt3rNn4etfrl5tfr5ypdl38GBz/MSJsR4zj5HHWs4nx441Hx854oeDGQ5L4zGzfXtz786d&#13;
5s+XL9/IPhOwhAzMcN5hmb0sN/sZ5rf795vfHz9u/nXpUvPNqVPNrRs3JpqZ9GdLkf1lXwmZWQ6C&#13;
w5LZTT4+apdUt2/efO1I/PHiRfd548aNix4nM57EKBKp419+2bw3v01mVpe/+27RcrC/LLvdxvBW&#13;
e3xlHwnpZ+0ScPPWrd39E9f+ff75xRfN5i1bujCWbfLnHMsfz583X1+40N3/p3ZGlv1Hvs5+6pBe&#13;
vnhx0fc/Pny4W4IiOIwpAzDLqH+0g6tEIAMxg74/a1nOqOs4ZR+ZRfW3y2MkTJlZdQO6F5uyLEu0&#13;
MrAz2DPo+7Ozs6dPL+xjXNlXidbLhK6djZWvu2C2IcrxZr8J8dn2+3ms+vvlWERHcBhTlk8bN21a&#13;
GDQZXJk1JELjBmeYzDCyr7KP/2sjlq9zQTqfy6DPrKLELfHJ5+WWfr9cu9bNhjIrKvsts448j48m&#13;
GPiJzI/Xr3f7K0vKPO+v2tlOiWECmNnU7nbbbJPn9Ml8mBPqBCnfFxzBYYLlVF6tD+/fv3RZ1N6e&#13;
pcMk13DqC8V1sJ62AzqDNMubvgz2bJuP3L8cS74u4cp9czwZ3PV+E7AH88GYRPZRlnLlvp9V786V&#13;
4+lCN/988nnYRfAc23vV0hHBeafklfX3J0+af//ww2vtJwNt1EDNtZzyij6ubJ8wZGDmusk4r/7Z&#13;
vsyKsnwq138iF56z3Mt+/tdB/abedRt1/GXWhuC8czLryMwkS4lybSODapzZyKLlVBuUSLj69/38&#13;
6NHuMSYNTjfraJc8WYJkubSzXaZk3++3AzLLmJOnT488zjpQ3fWl9hjKsqV73u1SL0ufeknVzXwO&#13;
HFi434P55U+ZlXRB+OCDZR+zxOL7dl9lSZX75NpQ7leOyd8rEpy/pQziDKQMtvoi6qSvsuU6zbAA&#13;
ZAD/PP+uzaTXKDITyawkx1YGcfaRmVlCttySLN8rs53+9aD4qD2m7LN/8TnH/9H8DCh/TuzKsiy3&#13;
JVCj5Ps5d/X9iiyzyvdzPvLRj9WkF6x5ff7i3xrKAMi1i7LE6C6ktl9PcpE3wcoMYvfevUO/n0Ge&#13;
/ZZZ0KTKtZYM4jxW9xZ4dcG4hKI+7q/On18Sh8wqyiyr/C3oOpDdhd72fuVcZAZVHqPbf/W2+yh5&#13;
a7w+f7lvQliO5+v5aPavA309PyNibQ1mZ2fnnAZgtUxPTzdzc3PNYDAwwwEsqQDBARAcQHAABAcQ&#13;
HEBwAAQHEBwAwQEEBxAcAMEBBAdAcADBAQQHQHAAwQEQHEBwAMEBEBxAcAAEBxAcQHAABAcQHADB&#13;
AQQHQHAAwQEEB0BwAMEBEBxAcADBARAcQHAABAcQHEBwAAQHEBwAwQEEBxAcAMEBBAdAcADBAQQH&#13;
QHAAwQEQHEBwAAQHEBxAcAAEBxAcAMEBBAcQHADBAQQHYLjBXKu+IV8+evSo2bZtWzM1NdW8evXK&#13;
WRqiPm2DwaD7nHNVbs9tGzZsaHqnd+kPoN2ubFPft/7MaM+ePWt27NjRnT/n7O0dL/nZDFYaEACW&#13;
VIDgAAgOIDiA4AAIDiA4AIIDCA4gOACCAwgOgOAAggMIDsAamMo/wNX/R4sePnzYzMzMNP6tHNYD&#13;
/wDX22/hH+CanZ1VFWDVTE9PLwTHkgpYM4IDCA4gOACCAwgOgOAAggMIDoDgAIIDIDiA4ACCAyA4&#13;
gOAACA4gOIDgAAgOIDgAggMIDiA4AIIDCA6A4ACCAwgOgOAAggMgOIDgAAgOIDiA4AAIDiA4AIID&#13;
CA4gOACCAwgOgOAAggMIDoDgAIIDIDiA4ACCAyA4gOAACA4gOIDgAAgOIDgAggMIDoDgAIIDCA6A&#13;
4ACCAyA4gOAAggMgODTN2VOnms+PHh16++H9+5vLFy8u+d6nhw4NvX2Yn69c6bYHwaHZuWtX88fz&#13;
591H7enjx817Gzc2D+7fX3T7b+3Xf7582XzY3g8Eh4mUcNRhKVH5+MiRJTH6fT5Eu/fscfJYc1NO&#13;
wfo2s317s3nr1ubpkyfNvioquS3B+eXq1ebe3bvdn0uY3m/vU8vy6vaNG92fu/sdPtzsO3hw0TaJ&#13;
1tnTp7vPidwnx451j13kcfKR0PX3k9uyLDt55kwXw/JYOabsJ8bZBjMc3pJlVT3DuX3zZndbJC71&#13;
97LU2lktp3KtpwzuEpY6QMW3588vzJQShHxd4pLrPPkoX5f9/NS7Lfus95tA5X61cbZBcPgLvf/B&#13;
BwtLp/KR20qMEpl6qVWWU/k6H5lFXPv11+7jx+vXuxnMrTZa/ZlU2aYs1W7NhyEzkPK98pHb8lj1&#13;
cu6PFy+af1261H3/3z/80M2CbvXCNs42WFLxF89w6us4uUZTlkSJR2YICUtZauWjLL3q5VBfPTs5&#13;
fuLEwp8Tk0Sg3D/bZTZze4UwZIlVlmE5hn0HDnTHVo5rpW1mektBBIe/QIlIruOUZVT/Gk8GbIK0&#13;
c4J3p/rvfPW9t2nTf5db5851QSsSuUQv145AcN5BWSYlKlmSZFYw7BpPllb1xeAyY8iMpVxU7ks0&#13;
MoPJDKhsk2s8uW3zli0L14WyryyFSqi+H/L3fG7NX1sqAcy1poQp9y2zqVHbIDi8RcuqLHMycPuD&#13;
M9dz7t25sxCmeiaSbctF3/41mxKQDPgM/Hqb8i5YbGxnOolD/qJhHcC+je1++n9Jsf8O1DjbsH65&#13;
aPyOKH8fJyHo/6W+3Xv3LllqFV9fuLDkLfDEIrfXTp4+3YWnPNZX588v+l55zGyTQOTt7fy5Xmol&#13;
iiVSZbv+zGqcbVi/BrOzs3NOA6up/B2bUfEYZxvWp+np6WZubq4ZDAZmOIAlFWBJBWBJBVhSAQgO&#13;
IDiA4AAIDiA4AIIDCA4gOACCAwgOgOAAggMIDoDgAIIDIDiA4ACCAyA4gOAACA4gOIDgAAgOIDgA&#13;
ggMIDoDgAIIDCA6A4ACCAyA4gOAAggMgOIDgAAgOIDiA4AAIDiA4AIIDCA4gOACCAwgOgOAAggMI&#13;
DoDgAIIDIDiA4AAIDiA4gOAACA4gOACCAwgOIDgAggMIDoDgAH+xwVyrviFfPnr0qNm2bVszNTXV&#13;
vHr1ylkaoj5tg8Gg+5xzVW7PbRs2bGh6p3fpD6DdrmxT37f+zGjPnj1rduzY0Z0/5+ztHS/52QxW&#13;
GhAAllSA4AAIDiA4wN/H/wswAHSxhc7EoZEmAAAAAElFTkSuQmCC&#13;
</Source>
                </DataBinding>
            </Presentation>
        </ViewDef>
    </Views>
</Content>
